{"loss": [1.9819445610046387, 1.4451711177825928, 1.129227638244629, 0.9254285097122192, 0.8070117831230164, 0.668419599533081, 0.5612377524375916, 0.4745533764362335, 0.39812618494033813, 0.3430512845516205, 0.29100650548934937, 0.2477644681930542, 0.22156597673892975, 0.19080497324466705, 0.16839300096035004, 0.15696384012699127, 0.12183043360710144, 0.12607216835021973, 0.1235639825463295, 0.09531998634338379, 0.08880902826786041, 0.08029118925333023, 0.07401631027460098, 0.08706208318471909, 0.05643157660961151, 0.08136646449565887, 0.06658339500427246, 0.053261805325746536, 0.055785536766052246, 0.06206030771136284], "accuracy": [0.2691986560821533, 0.4847245514392853, 0.6078464388847351, 0.6858096718788147, 0.7273789644241333, 0.773789644241333, 0.8113522529602051, 0.8382303714752197, 0.8641903400421143, 0.885141909122467, 0.9029215574264526, 0.9161101579666138, 0.9246243834495544, 0.933639407157898, 0.9422370791435242, 0.946661114692688, 0.9597662687301636, 0.9565943479537964, 0.9612687826156616, 0.9685308933258057, 0.97120201587677, 0.9750417470932007, 0.9751251935958862, 0.9706177115440369, 0.9807178378105164, 0.9733722805976868, 0.977712869644165, 0.981969952583313, 0.9811352491378784, 0.9797996878623962], "val_loss": [1.6392474174499512, 1.2006665468215942, 0.9514347910881042, 0.8315861821174622, 0.7836383581161499, 0.6155903339385986, 0.623760461807251, 0.47753164172172546, 0.4943583011627197, 0.45114949345588684, 0.4076218008995056, 0.40434280037879944, 0.3805072605609894, 0.4220156669616699, 0.39121565222740173, 0.42465680837631226, 0.4043056070804596, 0.46876201033592224, 0.3597712814807892, 0.3585498631000519, 0.32490161061286926, 0.31061047315597534, 0.4048708975315094, 0.36553892493247986, 0.32495856285095215, 0.3345465362071991, 0.34365978837013245, 0.32520079612731934, 0.32155683636665344, 0.36684098839759827], "val_accuracy": [0.41769614815711975, 0.5789649486541748, 0.675459086894989, 0.72120201587677, 0.7405676245689392, 0.8020033240318298, 0.7916527390480042, 0.8457428812980652, 0.8410684466362, 0.8530884981155396, 0.8707846403121948, 0.8757929801940918, 0.8894824981689453, 0.872120201587677, 0.8841402530670166, 0.8808013200759888, 0.8848080039024353, 0.8697829842567444, 0.8878130316734314, 0.8991652727127075, 0.913188636302948, 0.9098497629165649, 0.8918197154998779, 0.9021703004837036, 0.913188636302948, 0.9118530750274658, 0.9041736125946045, 0.9118530750274658, 0.9098497629165649, 0.9065108299255371]}