{"accuracy": [0.2625208795070648, 0.4826377332210541, 0.6025876402854919, 0.6727879643440247, 0.7244574427604675, 0.7668614387512207, 0.8050917983055115, 0.830300509929657, 0.8542571067810059, 0.8787980079650879, 0.8974958062171936, 0.9148581027984619, 0.920450747013092, 0.9393154978752136, 0.9417362213134766, 0.947746217250824, 0.9580968022346497, 0.9592654705047607, 0.9603505730628967, 0.9717863202095032, 0.9674457311630249, 0.9729549288749695, 0.9693655967712402, 0.9789649248123169, 0.975459098815918, 0.9802170395851135, 0.9776293635368347, 0.9818029999732971, 0.9836394190788269, 0.9828046560287476], "loss": [1.9881305694580078, 1.4335182905197144, 1.133486270904541, 0.9569591879844666, 0.8024930953979492, 0.679984450340271, 0.5782302618026733, 0.5100548267364502, 0.4359437823295593, 0.35622143745422363, 0.3075534999370575, 0.24882981181144714, 0.23385608196258545, 0.18067361414432526, 0.17782920598983765, 0.15183089673519135, 0.1278078258037567, 0.12038635462522507, 0.1122455894947052, 0.08457571268081665, 0.09261014312505722, 0.08750055730342865, 0.09640470147132874, 0.06181111931800842, 0.07212699204683304, 0.05917050689458847, 0.06693106144666672, 0.05730556324124336, 0.051241740584373474, 0.053588490933179855], "val_accuracy": [0.38864773511886597, 0.5943238735198975, 0.6687812805175781, 0.6971619129180908, 0.7135225534439087, 0.7459098696708679, 0.7729549407958984, 0.8160266876220703, 0.8267111778259277, 0.8607679605484009, 0.8497495651245117, 0.8634390830993652, 0.8874791264533997, 0.8764607906341553, 0.8303839564323425, 0.8737896680831909, 0.8727879524230957, 0.903171956539154, 0.8864774703979492, 0.8934891223907471, 0.9095158576965332, 0.8938230276107788, 0.8794657588005066, 0.9041736125946045, 0.886811375617981, 0.9078463912010193, 0.9071786403656006, 0.8924874663352966, 0.8974958062171936, 0.8908180594444275], "val_loss": [1.6987614631652832, 1.1591147184371948, 0.9823963046073914, 0.8787750005722046, 0.8522955179214478, 0.7348318099975586, 0.662733256816864, 0.5478821992874146, 0.5304412841796875, 0.44573304057121277, 0.5077897310256958, 0.47749969363212585, 0.3738400340080261, 0.3982146382331848, 0.6335440874099731, 0.42498087882995605, 0.467734158039093, 0.3499993085861206, 0.3988966941833496, 0.38429495692253113, 0.3534027934074402, 0.40498116612434387, 0.4314003586769104, 0.3655996024608612, 0.4136768579483032, 0.362829327583313, 0.3715789020061493, 0.41454291343688965, 0.4215385317802429, 0.4807118773460388]}