{"accuracy": [0.2712854743003845, 0.48931553959846497, 0.5970784425735474, 0.6666944622993469, 0.7179465889930725, 0.7611018419265747, 0.7984974980354309, 0.8279632925987244, 0.853338897228241, 0.8712019920349121, 0.8934891223907471, 0.9082638025283813, 0.9201168417930603, 0.9331385493278503, 0.9388981461524963, 0.9452420473098755, 0.9510016441345215, 0.9590150117874146, 0.9647746086120605, 0.964691162109375, 0.9694491028785706, 0.9685308933258057, 0.9709515571594238, 0.9785475730895996, 0.9751251935958862, 0.9803004860877991, 0.976961612701416, 0.9791318774223328, 0.977712869644165, 0.9809682965278625], "loss": [1.9841549396514893, 1.4274725914001465, 1.1592800617218018, 0.9714524149894714, 0.8334845900535583, 0.7095605134963989, 0.6008992195129395, 0.5020086169242859, 0.435871422290802, 0.3778069317340851, 0.3143711984157562, 0.27112725377082825, 0.23548804223537445, 0.19426271319389343, 0.18453611433506012, 0.16187478601932526, 0.1508600413799286, 0.11828881502151489, 0.10738632082939148, 0.10570360720157623, 0.09499179571866989, 0.09691307693719864, 0.08893284946680069, 0.06392750889062881, 0.07794675976037979, 0.05905462056398392, 0.07032432407140732, 0.06459204852581024, 0.06368725001811981, 0.056718915700912476], "val_accuracy": [0.4283806383609772, 0.5609349012374878, 0.6313856244087219, 0.6844741106033325, 0.7489148378372192, 0.7606009840965271, 0.7465776205062866, 0.8193656206130981, 0.8363940119743347, 0.8370617628097534, 0.8661102056503296, 0.8794657588005066, 0.8818029761314392, 0.8694490790367126, 0.8667779564857483, 0.8797996640205383, 0.8831385374069214, 0.8941569328308105, 0.8968280553817749, 0.9021703004837036, 0.8994991779327393, 0.8924874663352966, 0.900166928768158, 0.9111853241920471, 0.9078463912010193, 0.9088481068611145, 0.899833083152771, 0.9158597588539124, 0.903171956539154, 0.8938230276107788], "val_loss": [1.6134777069091797, 1.2156258821487427, 1.0632988214492798, 0.9231436252593994, 0.7515162825584412, 0.7089223265647888, 0.7135955691337585, 0.541139543056488, 0.5078587532043457, 0.5079509019851685, 0.44136691093444824, 0.3906453847885132, 0.39275816082954407, 0.44676223397254944, 0.4535718262195587, 0.4295237064361572, 0.3874824643135071, 0.38703039288520813, 0.40733322501182556, 0.35156336426734924, 0.390846848487854, 0.4301742613315582, 0.36060893535614014, 0.35694941878318787, 0.3751557469367981, 0.350305438041687, 0.38470345735549927, 0.3669695258140564, 0.3867274224758148, 0.45993009209632874]}